S.NO,PLATE NO,VEHICLE TYPE,MODEL,MULKIYA EXP DATE,VALID DAYS,INSURANCE EXP DATE,VALID DAYS,Category,Account,Loaction,Car Given to
1,D/62868,TOYOTA HILUX,2024,19-Jan-27,103,19-Feb-27,134,Pick up ,Halima Pipe,,
2,R/87957,TOYOTA INNOVA,2020,19-Jan-27,103,19-Feb-27,134,Car,Halima Pipe,,
3,X/75981,FORKLIFT,2013,22-Jan-27,106,22-Feb-27,137,Forklift ,Halima Pipe,,
4,E/81545,JCB,2009,27-Jan-27,111,27-Feb-27,142,Forklift ,Halima Pipe,,
5,FF38994,Nissan sunny,2025,22-Jan-27,106,22-Feb-27,137,Car,Halima Pipe,,
6,W/48594,JCB,2012,17-May-27,221,17-Jun-27,252,Forklift ,Halima Pipe,,
7,W/48593,JCB,2012,17-May-27,221,17-Jun-27,252,Forklift ,Halima Pipe,,
8,C/71039,TOYOTA - RUSH,2022,21-Jun-27,256,21-Jul-27,286,Car,Halima Pipe,,
9,Y/26523,TOYOTA HIACE,2023,21-Jun-27,256,21-Jul-27,286,VAN ,Halima Pipe,,
10,76661,Trailer,2006,22-Jul-27,287,22-Aug-27,318,Trailer ,Halima Pipe,,
11,N/80959,TATA DAEWOO,2009,22-Jul-27,287,22-Aug-27,318,Trailer Head ,Halima Pipe,,
12,C/99567,JCB,2014,20-Aug-27,316,20-Sep-27,347,Forklift ,Halima Pipe,,
13,EE 11948,JCB,2015,21-Jun-27,256,21-Jul-27,286,Forklift ,Halima Pipe,,
14,FF 39012,Nissan Kick,2025,22-Jan-27,106,22-Feb-27,137,Car,Halima Pipe,,
