From Location,To Destination,Trip Tip Rate,Vechile Rental
10 TON PICKUP 15197/41584,RETURN,20,0
10 TON PICKUP 15197/41584,LOCAL,10,0
GI PLANT,NOBLE STEEL,10,165
HABSAN,ICAD,100,1325
HALIMA,JEBEL ALI PORT / CONTAINER,25,305
ICAD I AJMAL MUSAFFAH,AL FAYA,30,760
ICAD I AJMAL MUSAFFAH,HYUNDAI/ BUS,10,0
ICAD I AJMAL MUSAFFAH,JEBEL ALI PORT/HALIMA,70,1000
ICAD I AJMAL MUSAFFAH,KHALIFA PORT,50,900
ICAD I AJMAL MUSAFFAH,DUBAI ,75,1065
ICAD I AJMAL MUSAFFAH,AL AIN,75,1100
ICAD I AJMAL MUSAFFAH,MINA PORT,50,455
ICAD I AJMAL MUSAFFAH,SHARJAH,80,1275
ICAD I AJMAL MUSAFFAH,RAS AL KHAIMA,105,1700
ICAD I AJMAL MUSAFFAH,SAJJA,100,1375
ICAD I AJMAL MUSAFFAH,HAMRIYA ,100,1325
ICAD I AJMAL MUSAFFAH,AJMAN,100,1400
ICAD I AJMAL MUSAFFAH,UMM AL QUWAIN,105,1500
ICAD I AJMAL MUSAFFAH,RUWAIS/ BATHA ZAYED,100,1665
ICAD I AJMAL MUSAFFAH,LOCAL/ SCAFFCO/ SCLUMBER,15,330
ICAD I AJMAL MUSAFFAH,SHIFTING/NEW YARD,10,165
ICAD II MUSAFFAH,HYUNDAI/ BUS,10,0
ICAD II MUSAFFAH,KHALIFA PORT,50,900
ICAD II MUSAFFAH,DUBAI ,75,1065
ICAD II MUSAFFAH,AL AIN,75,1100
ICAD II MUSAFFAH,MINA PORT,50,455
ICAD II MUSAFFAH,SHARJAH,80,1275
ICAD II MUSAFFAH,HAMRIYA ,100,1325
ICAD II MUSAFFAH,SAJJA ,100,1375
ICAD II MUSAFFAH,AJMAN,100,1400
ICAD II MUSAFFAH,RAS AL KHAIMA,105,1700
ICAD II MUSAFFAH,UMM AL QUWAIN,105,1500
ICAD II MUSAFFAH,RUWAIS/ BATHA ZAYED,100,1665
ICAD II MUSAFFAH,LOCAL/ SCAFFCO/ SCLUMBER,15,330
ICAD II MUSAFFAH,SHIFTING/NEW YARD,10,165
ICAD II MUSAFFAH,AL FAYA,30,760
ICAD II MUSAFFAH,ICAD II (Internal shifting),10,165
ICAD II MUSAFFAH,JEBEL ALI PORT/HALIMA,70,1000
JEBEL ALI,AJMAN,40,605
JEBEL ALI,RAS AL KHAIMA,65,1400
JEBEL ALI,HABSAN,140,1400
JEBEL ALI,SHARJAH,40,605
JEBEL ALI,UMM AL QUWAIN,65,915
JEBEL ALI,HAMRIYA,40,700
JEBEL ALI,AL FAYA,50,760
JEBEL ALI,AL QUASIS,30,605
JEBEL ALI,DUBAI,30,605
TRUST METAL,AJMAL - ICAD II,10,305
UMM AL QUWAIN,AJMAN,40,505
ICAD II MUSAFFAH,ASAB,100,1600
ASAB,ICAD II MUSAFFAH,100,1600
